variable,count,mean,std,min,25%,50%,75%,max,original
dummy1,1000.0,0.00046367151171194845,0.011717771306424362,-0.0417701249734179,-0.006824220592864275,0.00019895608365345,0.008052066315432425,0.038348597961864,-0.0143452116137225
dummy2,1000.0,6.68202594617996e-05,0.009394219522621091,-0.02690514965618,-0.006150620023626925,2.8988779719796295e-05,0.006292529650978975,0.0322518205437631,-0.0128909820945466
x1,1000.0,0.08773661429361872,3.0195223921733905,-10.92175194360877,-1.8591105080217385,0.0020799047623083497,2.04265394760715,28.204911307304123,28.204911307304123
x2,1000.0,0.08906024947014936,8.028869035923933,-21.993556118512416,-5.041947335951828,-0.281852592277539,5.073174496774267,75.04792343339366,75.04792343339366
x3,1000.0,0.013348894034487515,1.988996596828939,-6.644939442051511,-1.293081656722858,-0.02532780843180045,1.2815487333567432,17.757407090372695,17.757407090372695
